antecedent,consequent,confidence,lift,support,readable
"['GPU_NVIDIA', 'PRICE_1200+']",['STORAGE_Dual-Drive'],0.34256055363321797,5.086505190311418,0.050510204081632655,"GPU_NVIDIA, PRICE_1200+  ->  STORAGE_Dual-Drive   (confidence=0.34, lift=5.09)"
"['RAM_32GB+', 'PRICE_1200+']",['CPU_CoreUltra'],0.5736434108527132,4.3078202500816785,0.07551020408163266,"RAM_32GB+, PRICE_1200+  ->  CPU_CoreUltra   (confidence=0.57, lift=4.31)"
"['STORAGE_Dual-Drive', 'PRICE_1200+']",['GPU_NVIDIA'],0.8918918918918919,4.232707283554741,0.050510204081632655,"STORAGE_Dual-Drive, PRICE_1200+  ->  GPU_NVIDIA   (confidence=0.89, lift=4.23)"
"['STORAGE_Dual-Drive', 'STORAGE_SSD', 'PRICE_1200+']",['GPU_NVIDIA'],0.8909090909090909,4.228043143297381,0.05,"STORAGE_Dual-Drive, STORAGE_SSD, PRICE_1200+  ->  GPU_NVIDIA   (confidence=0.89, lift=4.23)"
"['STORAGE_Dual-Drive', 'STORAGE_1-2TB', 'STORAGE_SSD']",['GPU_NVIDIA'],0.8813559322033898,4.182706118931342,0.053061224489795916,"STORAGE_Dual-Drive, STORAGE_1-2TB, STORAGE_SSD  ->  GPU_NVIDIA   (confidence=0.88, lift=4.18)"
"['STORAGE_1-2TB', 'STORAGE_HDD', 'STORAGE_SSD']",['GPU_NVIDIA'],0.8793103448275862,4.172998246639392,0.05204081632653061,"STORAGE_1-2TB, STORAGE_HDD, STORAGE_SSD  ->  GPU_NVIDIA   (confidence=0.88, lift=4.17)"
"['STORAGE_Dual-Drive', 'STORAGE_1-2TB', 'STORAGE_HDD', 'STORAGE_SSD']",['GPU_NVIDIA'],0.8793103448275862,4.172998246639392,0.05204081632653061,"STORAGE_Dual-Drive, STORAGE_1-2TB, STORAGE_HDD, STORAGE_SSD  ->  GPU_NVIDIA   (confidence=0.88, lift=4.17)"
"['STORAGE_Dual-Drive', 'STORAGE_HDD', 'STORAGE_SSD']",['GPU_NVIDIA'],0.8790322580645161,4.171678512848551,0.055612244897959184,"STORAGE_Dual-Drive, STORAGE_HDD, STORAGE_SSD  ->  GPU_NVIDIA   (confidence=0.88, lift=4.17)"
"['STORAGE_HDD', 'STORAGE_SSD']",['GPU_NVIDIA'],0.8790322580645161,4.171678512848551,0.055612244897959184,"STORAGE_HDD, STORAGE_SSD  ->  GPU_NVIDIA   (confidence=0.88, lift=4.17)"
"['STORAGE_Dual-Drive', 'STORAGE_1-2TB']",['GPU_NVIDIA'],0.8739495798319328,4.147557328015952,0.053061224489795916,"STORAGE_Dual-Drive, STORAGE_1-2TB  ->  GPU_NVIDIA   (confidence=0.87, lift=4.15)"
"['STORAGE_Dual-Drive', 'STORAGE_HDD']",['GPU_NVIDIA'],0.873015873015873,4.143126177024482,0.05612244897959184,"STORAGE_Dual-Drive, STORAGE_HDD  ->  GPU_NVIDIA   (confidence=0.87, lift=4.14)"
"['STORAGE_Dual-Drive', 'STORAGE_1-2TB', 'STORAGE_HDD']",['GPU_NVIDIA'],0.8717948717948718,4.137331594958714,0.05204081632653061,"STORAGE_Dual-Drive, STORAGE_1-2TB, STORAGE_HDD  ->  GPU_NVIDIA   (confidence=0.87, lift=4.14)"
"['GPU_NVIDIA', 'PRICE_1200+']",['STORAGE_1-2TB'],0.39792387543252594,4.104898925514478,0.058673469387755105,"GPU_NVIDIA, PRICE_1200+  ->  STORAGE_1-2TB   (confidence=0.40, lift=4.10)"
"['PRICE_400-700', 'STORAGE_HDD']",['RAM_<8GB'],0.7846153846153846,4.090016366612112,0.05204081632653061,"PRICE_400-700, STORAGE_HDD  ->  RAM_<8GB   (confidence=0.78, lift=4.09)"
"['STORAGE_Dual-Drive', 'STORAGE_SSD']",['GPU_NVIDIA'],0.8615384615384616,4.088657105606258,0.05714285714285714,"STORAGE_Dual-Drive, STORAGE_SSD  ->  GPU_NVIDIA   (confidence=0.86, lift=4.09)"
['STORAGE_Dual-Drive'],['GPU_NVIDIA'],0.8560606060606061,4.06266050333847,0.05765306122448979,"STORAGE_Dual-Drive  ->  GPU_NVIDIA   (confidence=0.86, lift=4.06)"
"['STORAGE_HDD', 'GPU_IntelIntegrated']",['RAM_<8GB'],0.76875,4.007313829787234,0.06275510204081633,"STORAGE_HDD, GPU_IntelIntegrated  ->  RAM_<8GB   (confidence=0.77, lift=4.01)"
"['RAM_32GB+', 'GPU_IntelIntegrated']",['CPU_CoreUltra'],0.532608695652174,3.9996668332500422,0.05,"RAM_32GB+, GPU_IntelIntegrated  ->  CPU_CoreUltra   (confidence=0.53, lift=4.00)"
"['STORAGE_1-2TB', 'STORAGE_SSD']",['GPU_NVIDIA'],0.8372093023255814,3.9731966890027595,0.05510204081632653,"STORAGE_1-2TB, STORAGE_SSD  ->  GPU_NVIDIA   (confidence=0.84, lift=3.97)"
"['STORAGE_HDD', 'CPU_i7/i9']",['GPU_NVIDIA'],0.8266666666666667,3.92316384180791,0.06326530612244897,"STORAGE_HDD, CPU_i7/i9  ->  GPU_NVIDIA   (confidence=0.83, lift=3.92)"
"['STORAGE_HDD', 'PRICE_1200+']",['GPU_NVIDIA'],0.8217054263565892,3.899618972539745,0.05408163265306123,"STORAGE_HDD, PRICE_1200+  ->  GPU_NVIDIA   (confidence=0.82, lift=3.90)"
"['STORAGE_1-2TB', 'STORAGE_HDD']",['GPU_NVIDIA'],0.813953488372093,3.862830114308238,0.05357142857142857,"STORAGE_1-2TB, STORAGE_HDD  ->  GPU_NVIDIA   (confidence=0.81, lift=3.86)"
"['STORAGE_1-2TB', 'PRICE_1200+']",['GPU_NVIDIA'],0.7931034482758621,3.7638807714786675,0.058673469387755105,"STORAGE_1-2TB, PRICE_1200+  ->  GPU_NVIDIA   (confidence=0.79, lift=3.76)"
"['STORAGE_512GB-1TB', 'PRICE_1200+']",['RAM_32GB+'],0.6717171717171717,3.4737880120465876,0.06785714285714285,"STORAGE_512GB-1TB, PRICE_1200+  ->  RAM_32GB+   (confidence=0.67, lift=3.47)"
"['CPU_CoreUltra', 'PRICE_1200+']",['RAM_32GB+'],0.669683257918552,3.4632696187872347,0.07551020408163266,"CPU_CoreUltra, PRICE_1200+  ->  RAM_32GB+   (confidence=0.67, lift=3.46)"
['GPU_NVIDIA'],['STORAGE_1-2TB'],0.3220338983050847,3.3220338983050848,0.06785714285714285,"GPU_NVIDIA  ->  STORAGE_1-2TB   (confidence=0.32, lift=3.32)"
['STORAGE_1-2TB'],['GPU_NVIDIA'],0.7,3.3220338983050843,0.06785714285714285,"STORAGE_1-2TB  ->  GPU_NVIDIA   (confidence=0.70, lift=3.32)"
['RAM_32GB+'],['CPU_CoreUltra'],0.42216358839050133,3.1702706254612365,0.08163265306122448,"RAM_32GB+  ->  CPU_CoreUltra   (confidence=0.42, lift=3.17)"
['CPU_CoreUltra'],['RAM_32GB+'],0.6130268199233716,3.170270625461236,0.08163265306122448,"CPU_CoreUltra  ->  RAM_32GB+   (confidence=0.61, lift=3.17)"
"['RAM_16-32GB', 'STORAGE_SSD', 'PRICE_1200+']",['CPU_i7/i9'],0.9139072847682119,3.1536237291297455,0.07040816326530612,"RAM_16-32GB, STORAGE_SSD, PRICE_1200+  ->  CPU_i7/i9   (confidence=0.91, lift=3.15)"
"['STORAGE_128-256GB', 'STORAGE_SSD', 'PRICE_1200+', 'GPU_IntelIntegrated']",['RAM_8-16GB'],0.8662420382165605,2.989145061451512,0.06938775510204082,"STORAGE_128-256GB, STORAGE_SSD, PRICE_1200+, GPU_IntelIntegrated  ->  RAM_8-16GB   (confidence=0.87, lift=2.99)"
"['CPU_i5', 'STORAGE_SSD', 'PRICE_1200+']",['RAM_8-16GB'],0.8536585365853658,2.945723119203023,0.05357142857142857,"CPU_i5, STORAGE_SSD, PRICE_1200+  ->  RAM_8-16GB   (confidence=0.85, lift=2.95)"
"['GPU_NVIDIA', 'STORAGE_SSD', 'PRICE_1200+']",['CPU_i7/i9'],0.8491620111731844,2.9302069399638055,0.07755102040816327,"GPU_NVIDIA, STORAGE_SSD, PRICE_1200+  ->  CPU_i7/i9   (confidence=0.85, lift=2.93)"
"['RAM_<8GB', 'PRICE_400-700']",['STORAGE_HDD'],0.6219512195121951,2.9163262924495275,0.05204081632653061,"RAM_<8GB, PRICE_400-700  ->  STORAGE_HDD   (confidence=0.62, lift=2.92)"
"['STORAGE_128-256GB', 'STORAGE_SSD', 'PRICE_1200+']",['RAM_8-16GB'],0.8349514563106796,2.8811705182551623,0.08775510204081632,"STORAGE_128-256GB, STORAGE_SSD, PRICE_1200+  ->  RAM_8-16GB   (confidence=0.83, lift=2.88)"
"['CPU_i5', 'PRICE_1200+']",['RAM_8-16GB'],0.8161764705882353,2.816383595691798,0.05663265306122449,"CPU_i5, PRICE_1200+  ->  RAM_8-16GB   (confidence=0.82, lift=2.82)"
"['CPU_i5', 'RAM_8-16GB', 'GPU_IntelIntegrated']",['STORAGE_128-256GB'],0.8255813953488372,2.7613302643066913,0.07244897959183673,"CPU_i5, RAM_8-16GB, GPU_IntelIntegrated  ->  STORAGE_128-256GB   (confidence=0.83, lift=2.76)"
"['STORAGE_128-256GB', 'PRICE_1200+', 'GPU_IntelIntegrated']",['RAM_8-16GB'],0.791907514450867,2.7326386062036963,0.06989795918367347,"STORAGE_128-256GB, PRICE_1200+, GPU_IntelIntegrated  ->  RAM_8-16GB   (confidence=0.79, lift=2.73)"
"['GPU_NVIDIA', 'RAM_16-32GB']",['CPU_i7/i9'],0.7903225806451613,2.727169468423444,0.05,"GPU_NVIDIA, RAM_16-32GB  ->  CPU_i7/i9   (confidence=0.79, lift=2.73)"
"['RAM_<8GB', 'STORAGE_HDD']",['PRICE_400-700'],0.53125,2.7045454545454546,0.05204081632653061,"RAM_<8GB, STORAGE_HDD  ->  PRICE_400-700   (confidence=0.53, lift=2.70)"
"['STORAGE_HDD', 'PRICE_1200+']",['CPU_i7/i9'],0.7829457364341085,2.7017141609346,0.05153061224489796,"STORAGE_HDD, PRICE_1200+  ->  CPU_i7/i9   (confidence=0.78, lift=2.70)"
"['CPU_CoreUltra', 'GPU_IntelIntegrated']",['RAM_32GB+'],0.5185185185185185,2.6815205707026286,0.05,"CPU_CoreUltra, GPU_IntelIntegrated  ->  RAM_32GB+   (confidence=0.52, lift=2.68)"
"['CPU_i5', 'PRICE_1200+']",['STORAGE_128-256GB'],0.7941176470588235,2.6560931539851436,0.05510204081632653,"CPU_i5, PRICE_1200+  ->  STORAGE_128-256GB   (confidence=0.79, lift=2.66)"
"['STORAGE_Dual-Drive', 'STORAGE_SSD']",['CPU_i7/i9'],0.7692307692307693,2.6543878656554716,0.05102040816326531,"STORAGE_Dual-Drive, STORAGE_SSD  ->  CPU_i7/i9   (confidence=0.77, lift=2.65)"
"['PRICE_1200+', 'GPU_IntelIntegrated']",['CPU_CoreUltra'],0.352803738317757,2.649407383535647,0.0770408163265306,"PRICE_1200+, GPU_IntelIntegrated  ->  CPU_CoreUltra   (confidence=0.35, lift=2.65)"
"['CPU_i7/i9', 'STORAGE_128-256GB', 'STORAGE_SSD']",['RAM_8-16GB'],0.7608695652173914,2.6255358236374775,0.05357142857142857,"CPU_i7/i9, STORAGE_128-256GB, STORAGE_SSD  ->  RAM_8-16GB   (confidence=0.76, lift=2.63)"
"['CPU_i5', 'STORAGE_128-256GB', 'STORAGE_SSD']",['RAM_8-16GB'],0.7584541062801933,2.6172007892767235,0.08010204081632653,"CPU_i5, STORAGE_128-256GB, STORAGE_SSD  ->  RAM_8-16GB   (confidence=0.76, lift=2.62)"
['STORAGE_Dual-Drive'],['CPU_i7/i9'],0.7575757575757576,2.6141698676909946,0.05102040816326531,"STORAGE_Dual-Drive  ->  CPU_i7/i9   (confidence=0.76, lift=2.61)"
"['STORAGE_128-256GB', 'PRICE_1200+']",['RAM_8-16GB'],0.7565217391304347,2.61053276178812,0.08877551020408163,"STORAGE_128-256GB, PRICE_1200+  ->  RAM_8-16GB   (confidence=0.76, lift=2.61)"
"['RAM_8-16GB', 'STORAGE_128-256GB', 'STORAGE_SSD', 'GPU_IntelIntegrated']",['CPU_i5'],0.6237623762376238,2.606768139500517,0.06428571428571428,"RAM_8-16GB, STORAGE_128-256GB, STORAGE_SSD, GPU_IntelIntegrated  ->  CPU_i5   (confidence=0.62, lift=2.61)"
"['RAM_8-16GB', 'PRICE_1200+', 'GPU_IntelIntegrated']",['STORAGE_128-256GB'],0.7784090909090909,2.603552590753956,0.06989795918367347,"RAM_8-16GB, PRICE_1200+, GPU_IntelIntegrated  ->  STORAGE_128-256GB   (confidence=0.78, lift=2.60)"
"['GPU_NVIDIA', 'STORAGE_SSD']",['CPU_i7/i9'],0.7456896551724138,2.5731544439048086,0.08826530612244898,"GPU_NVIDIA, STORAGE_SSD  ->  CPU_i7/i9   (confidence=0.75, lift=2.57)"
"['GPU_NVIDIA', 'CPU_i7/i9']",['STORAGE_HDD'],0.5486725663716814,2.5727230384892237,0.06326530612244897,"GPU_NVIDIA, CPU_i7/i9  ->  STORAGE_HDD   (confidence=0.55, lift=2.57)"
"['CPU_i5', 'STORAGE_128-256GB', 'STORAGE_SSD', 'GPU_IntelIntegrated']",['RAM_8-16GB'],0.7455621301775148,2.5727143928660725,0.06428571428571428,"CPU_i5, STORAGE_128-256GB, STORAGE_SSD, GPU_IntelIntegrated  ->  RAM_8-16GB   (confidence=0.75, lift=2.57)"
"['CPU_i5', 'STORAGE_SSD']",['RAM_8-16GB'],0.7261904761904762,2.505868544600939,0.0933673469387755,"CPU_i5, STORAGE_SSD  ->  RAM_8-16GB   (confidence=0.73, lift=2.51)"
"['RAM_8-16GB', 'STORAGE_128-256GB', 'GPU_IntelIntegrated']",['CPU_i5'],0.5966386554621849,2.4934152765583844,0.07244897959183673,"RAM_8-16GB, STORAGE_128-256GB, GPU_IntelIntegrated  ->  CPU_i5   (confidence=0.60, lift=2.49)"
"['CPU_i7/i9', 'PRICE_1200+']",['GPU_NVIDIA'],0.5230769230769231,2.4823989569752283,0.08673469387755102,"CPU_i7/i9, PRICE_1200+  ->  GPU_NVIDIA   (confidence=0.52, lift=2.48)"
"['CPU_i7/i9', 'STORAGE_SSD', 'PRICE_1200+']",['GPU_NVIDIA'],0.5223367697594502,2.4788863649601027,0.07755102040816327,"CPU_i7/i9, STORAGE_SSD, PRICE_1200+  ->  GPU_NVIDIA   (confidence=0.52, lift=2.48)"
"['GPU_NVIDIA', 'STORAGE_HDD']",['CPU_i7/i9'],0.7005649717514124,2.4174425081562823,0.06326530612244897,"GPU_NVIDIA, STORAGE_HDD  ->  CPU_i7/i9   (confidence=0.70, lift=2.42)"
"['RAM_16-32GB', 'STORAGE_SSD']",['CPU_i7/i9'],0.6962025316455697,2.402389017650205,0.08418367346938775,"RAM_16-32GB, STORAGE_SSD  ->  CPU_i7/i9   (confidence=0.70, lift=2.40)"
"['CPU_i5', 'STORAGE_SSD', 'GPU_IntelIntegrated']",['RAM_8-16GB'],0.6947368421052632,2.3973313565604153,0.0673469387755102,"CPU_i5, STORAGE_SSD, GPU_IntelIntegrated  ->  RAM_8-16GB   (confidence=0.69, lift=2.40)"
['STORAGE_HDD'],['RAM_<8GB'],0.45933014354066987,2.39438053547796,0.09795918367346938,"STORAGE_HDD  ->  RAM_<8GB   (confidence=0.46, lift=2.39)"
['RAM_<8GB'],['STORAGE_HDD'],0.5106382978723404,2.3943805354779597,0.09795918367346938,"RAM_<8GB  ->  STORAGE_HDD   (confidence=0.51, lift=2.39)"
"['RAM_8-16GB', 'PRICE_1200+', 'GPU_IntelIntegrated']",['STORAGE_SSD'],0.9715909090909091,2.3863636363636362,0.08724489795918368,"RAM_8-16GB, PRICE_1200+, GPU_IntelIntegrated  ->  STORAGE_SSD   (confidence=0.97, lift=2.39)"
"['RAM_8-16GB', 'GPU_IntelIntegrated']",['STORAGE_128-256GB'],0.7104477611940299,2.376241658601192,0.12142857142857143,"RAM_8-16GB, GPU_IntelIntegrated  ->  STORAGE_128-256GB   (confidence=0.71, lift=2.38)"
"['CPU_i5', 'RAM_8-16GB']",['STORAGE_128-256GB'],0.7073170731707317,2.3657704153833348,0.08877551020408163,"CPU_i5, RAM_8-16GB  ->  STORAGE_128-256GB   (confidence=0.71, lift=2.37)"
"['STORAGE_SSD', 'PRICE_1200+', 'GPU_IntelIntegrated']",['RAM_8-16GB'],0.684,2.3602816901408454,0.08724489795918368,"STORAGE_SSD, PRICE_1200+, GPU_IntelIntegrated  ->  RAM_8-16GB   (confidence=0.68, lift=2.36)"
"['STORAGE_128-256GB', 'STORAGE_SSD', 'GPU_IntelIntegrated']",['CPU_i5'],0.5614617940199336,2.3464074973967373,0.08622448979591837,"STORAGE_128-256GB, STORAGE_SSD, GPU_IntelIntegrated  ->  CPU_i5   (confidence=0.56, lift=2.35)"
"['RAM_8-16GB', 'STORAGE_128-256GB', 'STORAGE_SSD']",['CPU_i5'],0.5587188612099644,2.3349444946088065,0.08010204081632653,"RAM_8-16GB, STORAGE_128-256GB, STORAGE_SSD  ->  CPU_i5   (confidence=0.56, lift=2.33)"
"['CPU_i5', 'RAM_8-16GB', 'PRICE_1200+']",['STORAGE_SSD'],0.9459459459459459,2.3233760075865337,0.05357142857142857,"CPU_i5, RAM_8-16GB, PRICE_1200+  ->  STORAGE_SSD   (confidence=0.95, lift=2.32)"
"['STORAGE_128-256GB', 'STORAGE_SSD', 'GPU_IntelIntegrated']",['RAM_8-16GB'],0.6710963455149501,2.3157549950867997,0.10306122448979592,"STORAGE_128-256GB, STORAGE_SSD, GPU_IntelIntegrated  ->  RAM_8-16GB   (confidence=0.67, lift=2.32)"
"['STORAGE_128-256GB', 'STORAGE_SSD']",['RAM_8-16GB'],0.6627358490566038,2.2869053946319426,0.1433673469387755,"STORAGE_128-256GB, STORAGE_SSD  ->  RAM_8-16GB   (confidence=0.66, lift=2.29)"
"['CPU_i7/i9', 'RAM_16-32GB', 'PRICE_1200+']",['STORAGE_SSD'],0.9261744966442953,2.274814553161427,0.07040816326530612,"CPU_i7/i9, RAM_16-32GB, PRICE_1200+  ->  STORAGE_SSD   (confidence=0.93, lift=2.27)"
"['CPU_i7/i9', 'RAM_8-16GB', 'PRICE_1200+']",['STORAGE_SSD'],0.9251700680272109,2.27234753550543,0.06938775510204082,"CPU_i7/i9, RAM_8-16GB, PRICE_1200+  ->  STORAGE_SSD   (confidence=0.93, lift=2.27)"
"['RAM_8-16GB', 'STORAGE_SSD', 'GPU_IntelIntegrated']",['CPU_i5'],0.5432098765432098,2.2701308273447576,0.0673469387755102,"RAM_8-16GB, STORAGE_SSD, GPU_IntelIntegrated  ->  CPU_i5   (confidence=0.54, lift=2.27)"
"['CPU_i5', 'STORAGE_128-256GB']",['RAM_8-16GB'],0.6566037735849056,2.2657454158915757,0.08877551020408163,"CPU_i5, STORAGE_128-256GB  ->  RAM_8-16GB   (confidence=0.66, lift=2.27)"
"['RAM_8-16GB', 'PRICE_1200+']",['STORAGE_SSD'],0.9191176470588235,2.2574819401444786,0.12755102040816327,"RAM_8-16GB, PRICE_1200+  ->  STORAGE_SSD   (confidence=0.92, lift=2.26)"
"['CPU_i5', 'PRICE_1200+', 'GPU_IntelIntegrated']",['STORAGE_SSD'],0.9174311926605505,2.2533397714469663,0.05102040816326531,"CPU_i5, PRICE_1200+, GPU_IntelIntegrated  ->  STORAGE_SSD   (confidence=0.92, lift=2.25)"
"['CPU_i7/i9', 'STORAGE_SSD']",['GPU_NVIDIA'],0.473972602739726,2.2493615045275135,0.08826530612244898,"CPU_i7/i9, STORAGE_SSD  ->  GPU_NVIDIA   (confidence=0.47, lift=2.25)"
"['PRICE_400-700', 'GPU_IntelIntegrated']",['RAM_<8GB'],0.43089430894308944,2.2461511849161044,0.05408163265306123,"PRICE_400-700, GPU_IntelIntegrated  ->  RAM_<8GB   (confidence=0.43, lift=2.25)"
"['CPU_i7/i9', 'PRICE_1200+', 'GPU_IntelIntegrated']",['STORAGE_SSD'],0.9142857142857143,2.245614035087719,0.0653061224489796,"CPU_i7/i9, PRICE_1200+, GPU_IntelIntegrated  ->  STORAGE_SSD   (confidence=0.91, lift=2.25)"
"['RAM_8-16GB', 'STORAGE_128-256GB']",['CPU_i5'],0.5370370370370371,2.244333886124931,0.08877551020408163,"RAM_8-16GB, STORAGE_128-256GB  ->  CPU_i5   (confidence=0.54, lift=2.24)"
"['STORAGE_SSD', 'PRICE_1200+']",['CPU_i7/i9'],0.6452328159645233,2.226507604384623,0.14846938775510204,"STORAGE_SSD, PRICE_1200+  ->  CPU_i7/i9   (confidence=0.65, lift=2.23)"
"['CPU_i5', 'PRICE_1200+']",['STORAGE_SSD'],0.9044117647058824,2.221362229102167,0.06275510204081633,"CPU_i5, PRICE_1200+  ->  STORAGE_SSD   (confidence=0.90, lift=2.22)"
['RAM_<8GB'],['PRICE_400-700'],0.43617021276595747,2.2205029013539654,0.0836734693877551,"RAM_<8GB  ->  PRICE_400-700   (confidence=0.44, lift=2.22)"
['PRICE_400-700'],['RAM_<8GB'],0.42597402597402595,2.220502901353965,0.0836734693877551,"PRICE_400-700  ->  RAM_<8GB   (confidence=0.43, lift=2.22)"
"['PRICE_700-1200', 'STORAGE_128-256GB']",['RAM_8-16GB'],0.6428571428571429,2.21830985915493,0.050510204081632655,"PRICE_700-1200, STORAGE_128-256GB  ->  RAM_8-16GB   (confidence=0.64, lift=2.22)"
"['CPU_i7/i9', 'PRICE_1200+']",['STORAGE_SSD'],0.8953846153846153,2.1991902834008097,0.14846938775510204,"CPU_i7/i9, PRICE_1200+  ->  STORAGE_SSD   (confidence=0.90, lift=2.20)"
"['STORAGE_256-512GB', 'STORAGE_SSD']",['CPU_i7/i9'],0.6369426751592356,2.1979007804790527,0.05102040816326531,"STORAGE_256-512GB, STORAGE_SSD  ->  CPU_i7/i9   (confidence=0.64, lift=2.20)"
"['CPU_i5', 'STORAGE_128-256GB', 'GPU_IntelIntegrated']",['RAM_8-16GB'],0.6367713004484304,2.197309417040359,0.07244897959183673,"CPU_i5, STORAGE_128-256GB, GPU_IntelIntegrated  ->  RAM_8-16GB   (confidence=0.64, lift=2.20)"
"['GPU_NVIDIA', 'CPU_i7/i9', 'PRICE_1200+']",['STORAGE_SSD'],0.8941176470588236,2.196078431372549,0.07755102040816327,"GPU_NVIDIA, CPU_i7/i9, PRICE_1200+  ->  STORAGE_SSD   (confidence=0.89, lift=2.20)"
"['STORAGE_128-256GB', 'GPU_IntelIntegrated']",['CPU_i5'],0.5234741784037559,2.1876532828813677,0.11377551020408164,"STORAGE_128-256GB, GPU_IntelIntegrated  ->  CPU_i5   (confidence=0.52, lift=2.19)"
"['CPU_i7/i9', 'STORAGE_128-256GB']",['RAM_8-16GB'],0.6309523809523809,2.177230046948357,0.05408163265306123,"CPU_i7/i9, STORAGE_128-256GB  ->  RAM_8-16GB   (confidence=0.63, lift=2.18)"
"['STORAGE_128-256GB', 'STORAGE_SSD', 'PRICE_1200+']",['CPU_i5'],0.5194174757281553,2.170699898565425,0.05459183673469388,"STORAGE_128-256GB, STORAGE_SSD, PRICE_1200+  ->  CPU_i5   (confidence=0.52, lift=2.17)"
"['RAM_8-16GB', 'GPU_IntelIntegrated']",['CPU_i5'],0.5134328358208955,2.1456894631321006,0.08775510204081632,"RAM_8-16GB, GPU_IntelIntegrated  ->  CPU_i5   (confidence=0.51, lift=2.15)"
"['RAM_8-16GB', 'PRICE_1200+']",['STORAGE_128-256GB'],0.6397058823529411,2.13963059626581,0.08877551020408163,"RAM_8-16GB, PRICE_1200+  ->  STORAGE_128-256GB   (confidence=0.64, lift=2.14)"
"['GPU_NVIDIA', 'RAM_16-32GB']",['PRICE_1200+'],0.9274193548387096,2.138519924098672,0.058673469387755105,"GPU_NVIDIA, RAM_16-32GB  ->  PRICE_1200+   (confidence=0.93, lift=2.14)"
"['CPU_CoreUltra', 'RAM_32GB+']",['PRICE_1200+'],0.925,2.1329411764705886,0.07551020408163266,"CPU_CoreUltra, RAM_32GB+  ->  PRICE_1200+   (confidence=0.93, lift=2.13)"
"['RAM_<8GB', 'GPU_IntelIntegrated']",['STORAGE_HDD'],0.45387453874538747,2.128215540528611,0.06275510204081633,"RAM_<8GB, GPU_IntelIntegrated  ->  STORAGE_HDD   (confidence=0.45, lift=2.13)"
"['CPU_i5', 'GPU_IntelIntegrated']",['STORAGE_128-256GB'],0.6109589041095891,2.0434802936088645,0.11377551020408164,"CPU_i5, GPU_IntelIntegrated  ->  STORAGE_128-256GB   (confidence=0.61, lift=2.04)"
"['STORAGE_128-256GB', 'STORAGE_SSD']",['CPU_i5'],0.4882075471698113,2.040270346381301,0.10561224489795919,"STORAGE_128-256GB, STORAGE_SSD  ->  CPU_i5   (confidence=0.49, lift=2.04)"
"['GPU_NVIDIA', 'PRICE_1200+']",['CPU_i7/i9'],0.5882352941176471,2.0298260149130076,0.08673469387755102,"GPU_NVIDIA, PRICE_1200+  ->  CPU_i7/i9   (confidence=0.59, lift=2.03)"
"['GPU_NVIDIA', 'CPU_i7/i9', 'STORAGE_SSD']",['PRICE_1200+'],0.8786127167630058,2.025977558653519,0.07755102040816327,"GPU_NVIDIA, CPU_i7/i9, STORAGE_SSD  ->  PRICE_1200+   (confidence=0.88, lift=2.03)"
"['STORAGE_Dual-Drive', 'GPU_NVIDIA']",['PRICE_1200+'],0.8761061946902655,2.02019781363873,0.050510204081632655,"STORAGE_Dual-Drive, GPU_NVIDIA  ->  PRICE_1200+   (confidence=0.88, lift=2.02)"
"['STORAGE_Dual-Drive', 'GPU_NVIDIA', 'STORAGE_SSD']",['PRICE_1200+'],0.875,2.0176470588235293,0.05,"STORAGE_Dual-Drive, GPU_NVIDIA, STORAGE_SSD  ->  PRICE_1200+   (confidence=0.88, lift=2.02)"
"['RAM_32GB+', 'PRICE_1200+']",['STORAGE_512GB-1TB'],0.5155038759689923,2.016741710377694,0.06785714285714285,"RAM_32GB+, PRICE_1200+  ->  STORAGE_512GB-1TB   (confidence=0.52, lift=2.02)"
['GPU_NVIDIA'],['STORAGE_HDD'],0.42857142857142855,2.0095693779904304,0.09030612244897959,"GPU_NVIDIA  ->  STORAGE_HDD   (confidence=0.43, lift=2.01)"
['STORAGE_HDD'],['GPU_NVIDIA'],0.423444976076555,2.0095693779904304,0.09030612244897959,"STORAGE_HDD  ->  GPU_NVIDIA   (confidence=0.42, lift=2.01)"
"['RAM_8-16GB', 'STORAGE_SSD']",['CPU_i5'],0.4790575916230366,2.0020317261858245,0.0933673469387755,"RAM_8-16GB, STORAGE_SSD  ->  CPU_i5   (confidence=0.48, lift=2.00)"
"['STORAGE_1-2TB', 'GPU_NVIDIA']",['PRICE_1200+'],0.8646616541353384,1.9938080495356039,0.058673469387755105,"STORAGE_1-2TB, GPU_NVIDIA  ->  PRICE_1200+   (confidence=0.86, lift=1.99)"
"['RAM_<8GB', 'GPU_IntelIntegrated']",['PRICE_400-700'],0.39114391143911437,1.9912780945991277,0.05408163265306123,"RAM_<8GB, GPU_IntelIntegrated  ->  PRICE_400-700   (confidence=0.39, lift=1.99)"
"['STORAGE_128-256GB', 'PRICE_1200+']",['CPU_i5'],0.46956521739130436,1.962362102530824,0.05510204081632653,"STORAGE_128-256GB, PRICE_1200+  ->  CPU_i5   (confidence=0.47, lift=1.96)"
['STORAGE_512GB-1TB'],['RAM_32GB+'],0.37924151696606784,1.9612490059458918,0.09693877551020408,"STORAGE_512GB-1TB  ->  RAM_32GB+   (confidence=0.38, lift=1.96)"
['RAM_32GB+'],['STORAGE_512GB-1TB'],0.5013192612137203,1.9612490059458916,0.09693877551020408,"RAM_32GB+  ->  STORAGE_512GB-1TB   (confidence=0.50, lift=1.96)"
"['CPU_i7/i9', 'STORAGE_256-512GB']",['RAM_16-32GB'],0.6352941176470588,1.9547511312217192,0.05510204081632653,"CPU_i7/i9, STORAGE_256-512GB  ->  RAM_16-32GB   (confidence=0.64, lift=1.95)"
['CPU_CoreUltra'],['PRICE_1200+'],0.8467432950191571,1.9524904214559389,0.11275510204081633,"CPU_CoreUltra  ->  PRICE_1200+   (confidence=0.85, lift=1.95)"
"['STORAGE_Dual-Drive', 'STORAGE_SSD']",['PRICE_1200+'],0.8461538461538461,1.951131221719457,0.05612244897959184,"STORAGE_Dual-Drive, STORAGE_SSD  ->  PRICE_1200+   (confidence=0.85, lift=1.95)"
"['STORAGE_256-512GB', 'STORAGE_SSD']",['RAM_16-32GB'],0.6305732484076433,1.9402253797158253,0.050510204081632655,"STORAGE_256-512GB, STORAGE_SSD  ->  RAM_16-32GB   (confidence=0.63, lift=1.94)"
['STORAGE_Dual-Drive'],['PRICE_1200+'],0.8409090909090909,1.9390374331550804,0.05663265306122449,"STORAGE_Dual-Drive  ->  PRICE_1200+   (confidence=0.84, lift=1.94)"
"['STORAGE_Dual-Drive', 'STORAGE_1-2TB', 'STORAGE_SSD']",['PRICE_1200+'],0.8389830508474576,1.9345962113659023,0.050510204081632655,"STORAGE_Dual-Drive, STORAGE_1-2TB, STORAGE_SSD  ->  PRICE_1200+   (confidence=0.84, lift=1.93)"
"['STORAGE_HDD', 'STORAGE_SSD']",['PRICE_1200+'],0.8387096774193549,1.9339658444022771,0.053061224489795916,"STORAGE_HDD, STORAGE_SSD  ->  PRICE_1200+   (confidence=0.84, lift=1.93)"
"['STORAGE_Dual-Drive', 'STORAGE_HDD', 'STORAGE_SSD']",['PRICE_1200+'],0.8387096774193549,1.9339658444022771,0.053061224489795916,"STORAGE_Dual-Drive, STORAGE_HDD, STORAGE_SSD  ->  PRICE_1200+   (confidence=0.84, lift=1.93)"
"['CPU_i7/i9', 'RAM_16-32GB', 'STORAGE_SSD']",['PRICE_1200+'],0.8363636363636363,1.9285561497326202,0.07040816326530612,"CPU_i7/i9, RAM_16-32GB, STORAGE_SSD  ->  PRICE_1200+   (confidence=0.84, lift=1.93)"
"['STORAGE_128-256GB', 'GPU_IntelIntegrated']",['RAM_8-16GB'],0.5586854460093896,1.9278582291873305,0.12142857142857143,"STORAGE_128-256GB, GPU_IntelIntegrated  ->  RAM_8-16GB   (confidence=0.56, lift=1.93)"
"['STORAGE_Dual-Drive', 'STORAGE_HDD']",['PRICE_1200+'],0.8333333333333334,1.9215686274509804,0.05357142857142857,"STORAGE_Dual-Drive, STORAGE_HDD  ->  PRICE_1200+   (confidence=0.83, lift=1.92)"
"['STORAGE_Dual-Drive', 'STORAGE_1-2TB']",['PRICE_1200+'],0.8319327731092437,1.9183391003460208,0.050510204081632655,"STORAGE_Dual-Drive, STORAGE_1-2TB  ->  PRICE_1200+   (confidence=0.83, lift=1.92)"
"['STORAGE_SSD', 'PRICE_1200+']",['RAM_8-16GB'],0.5543237250554324,1.9128072202617035,0.12755102040816327,"STORAGE_SSD, PRICE_1200+  ->  RAM_8-16GB   (confidence=0.55, lift=1.91)"
['STORAGE_128-256GB'],['RAM_8-16GB'],0.552901023890785,1.9078978993414413,0.1653061224489796,"STORAGE_128-256GB  ->  RAM_8-16GB   (confidence=0.55, lift=1.91)"
['RAM_8-16GB'],['STORAGE_128-256GB'],0.5704225352112676,1.9078978993414413,0.1653061224489796,"RAM_8-16GB  ->  STORAGE_128-256GB   (confidence=0.57, lift=1.91)"
['STORAGE_1-2TB'],['CPU_i7/i9'],0.5526315789473685,1.9069681245366943,0.05357142857142857,"STORAGE_1-2TB  ->  CPU_i7/i9   (confidence=0.55, lift=1.91)"
"['PRICE_700-1200', 'STORAGE_SSD']",['RAM_8-16GB'],0.55,1.8978873239436622,0.05612244897959184,"PRICE_700-1200, STORAGE_SSD  ->  RAM_8-16GB   (confidence=0.55, lift=1.90)"
"['STORAGE_1-2TB', 'STORAGE_SSD']",['PRICE_1200+'],0.8217054263565892,1.8947560419516645,0.05408163265306123,"STORAGE_1-2TB, STORAGE_SSD  ->  PRICE_1200+   (confidence=0.82, lift=1.89)"
['CPU_i5'],['STORAGE_128-256GB'],0.5650319829424307,1.8898680658142737,0.13520408163265307,"CPU_i5  ->  STORAGE_128-256GB   (confidence=0.57, lift=1.89)"
['STORAGE_128-256GB'],['CPU_i5'],0.4522184300341297,1.8898680658142732,0.13520408163265307,"STORAGE_128-256GB  ->  CPU_i5   (confidence=0.45, lift=1.89)"
['GPU_NVIDIA'],['CPU_i7/i9'],0.5472154963680388,1.8882788254953453,0.11530612244897959,"GPU_NVIDIA  ->  CPU_i7/i9   (confidence=0.55, lift=1.89)"
['CPU_i7/i9'],['GPU_NVIDIA'],0.397887323943662,1.888278825495345,0.11530612244897959,"CPU_i7/i9  ->  GPU_NVIDIA   (confidence=0.40, lift=1.89)"
"['CPU_i7/i9', 'RAM_8-16GB']",['STORAGE_SSD'],0.7681818181818182,1.886762360446571,0.08622448979591837,"CPU_i7/i9, RAM_8-16GB  ->  STORAGE_SSD   (confidence=0.77, lift=1.89)"
"['CPU_i5', 'RAM_8-16GB', 'GPU_IntelIntegrated']",['STORAGE_SSD'],0.7674418604651163,1.8849449204406366,0.0673469387755102,"CPU_i5, RAM_8-16GB, GPU_IntelIntegrated  ->  STORAGE_SSD   (confidence=0.77, lift=1.88)"
"['STORAGE_SSD', 'PRICE_1200+']",['GPU_NVIDIA'],0.3968957871396896,1.8835732271036116,0.0913265306122449,"STORAGE_SSD, PRICE_1200+  ->  GPU_NVIDIA   (confidence=0.40, lift=1.88)"
"['GPU_NVIDIA', 'CPU_i7/i9']",['STORAGE_SSD'],0.7654867256637168,1.880142834963515,0.08826530612244898,"GPU_NVIDIA, CPU_i7/i9  ->  STORAGE_SSD   (confidence=0.77, lift=1.88)"
"['RAM_8-16GB', 'STORAGE_SSD', 'PRICE_1200+']",['CPU_i7/i9'],0.544,1.8771830985915496,0.06938775510204082,"RAM_8-16GB, STORAGE_SSD, PRICE_1200+  ->  CPU_i7/i9   (confidence=0.54, lift=1.88)"
"['RAM_16-32GB', 'GPU_IntelIntegrated']",['STORAGE_256-512GB'],0.5546218487394958,1.874239350912779,0.10102040816326531,"RAM_16-32GB, GPU_IntelIntegrated  ->  STORAGE_256-512GB   (confidence=0.55, lift=1.87)"
"['RAM_8-16GB', 'PRICE_1200+']",['CPU_i7/i9'],0.5404411764705882,1.8649026512013256,0.075,"RAM_8-16GB, PRICE_1200+  ->  CPU_i7/i9   (confidence=0.54, lift=1.86)"
"['CPU_i7/i9', 'RAM_8-16GB', 'STORAGE_SSD']",['PRICE_1200+'],0.8047337278106509,1.855621301775148,0.06938775510204082,"CPU_i7/i9, RAM_8-16GB, STORAGE_SSD  ->  PRICE_1200+   (confidence=0.80, lift=1.86)"
"['CPU_i7/i9', 'RAM_16-32GB']",['GPU_NVIDIA'],0.3888888888888889,1.8455743879472692,0.05,"CPU_i7/i9, RAM_16-32GB  ->  GPU_NVIDIA   (confidence=0.39, lift=1.85)"
"['CPU_CoreUltra', 'GPU_IntelIntegrated']",['PRICE_1200+'],0.798941798941799,1.8422657952069719,0.0770408163265306,"CPU_CoreUltra, GPU_IntelIntegrated  ->  PRICE_1200+   (confidence=0.80, lift=1.84)"
"['CPU_i7/i9', 'STORAGE_SSD']",['PRICE_1200+'],0.7972602739726027,1.838388396454472,0.14846938775510204,"CPU_i7/i9, STORAGE_SSD  ->  PRICE_1200+   (confidence=0.80, lift=1.84)"
"['RAM_16-32GB', 'PRICE_1200+']",['GPU_NVIDIA'],0.3872053872053872,1.837584888432346,0.058673469387755105,"RAM_16-32GB, PRICE_1200+  ->  GPU_NVIDIA   (confidence=0.39, lift=1.84)"
"['CPU_i5', 'RAM_8-16GB']",['STORAGE_SSD'],0.7439024390243902,1.8271287976037656,0.0933673469387755,"CPU_i5, RAM_8-16GB  ->  STORAGE_SSD   (confidence=0.74, lift=1.83)"
"['STORAGE_SSD', 'GPU_IntelIntegrated']",['RAM_8-16GB'],0.5294117647058824,1.8268434134217069,0.1239795918367347,"STORAGE_SSD, GPU_IntelIntegrated  ->  RAM_8-16GB   (confidence=0.53, lift=1.83)"
['CPU_i5'],['RAM_8-16GB'],0.5245202558635395,1.809964263191087,0.12551020408163266,"CPU_i5  ->  RAM_8-16GB   (confidence=0.52, lift=1.81)"
['RAM_8-16GB'],['CPU_i5'],0.43309859154929575,1.8099642631910866,0.12551020408163266,"RAM_8-16GB  ->  CPU_i5   (confidence=0.43, lift=1.81)"
"['PRICE_700-1200', 'RAM_8-16GB']",['STORAGE_128-256GB'],0.5409836065573771,1.809433223297712,0.050510204081632655,"PRICE_700-1200, RAM_8-16GB  ->  STORAGE_128-256GB   (confidence=0.54, lift=1.81)"
"['RAM_8-16GB', 'GPU_IntelIntegrated']",['STORAGE_SSD'],0.7253731343283583,1.7816182246661432,0.1239795918367347,"RAM_8-16GB, GPU_IntelIntegrated  ->  STORAGE_SSD   (confidence=0.73, lift=1.78)"
"['GPU_NVIDIA', 'STORAGE_SSD']",['PRICE_1200+'],0.771551724137931,1.7791075050709941,0.0913265306122449,"GPU_NVIDIA, STORAGE_SSD  ->  PRICE_1200+   (confidence=0.77, lift=1.78)"
"['PRICE_700-1200', 'GPU_IntelIntegrated']",['CPU_i5'],0.4232209737827715,1.768684666554866,0.05765306122448979,"PRICE_700-1200, GPU_IntelIntegrated  ->  CPU_i5   (confidence=0.42, lift=1.77)"
"['STORAGE_SSD', 'PRICE_1200+', 'GPU_IntelIntegrated']",['CPU_i7/i9'],0.512,1.7667605633802819,0.0653061224489796,"STORAGE_SSD, PRICE_1200+, GPU_IntelIntegrated  ->  CPU_i7/i9   (confidence=0.51, lift=1.77)"
['STORAGE_1-2TB'],['PRICE_1200+'],0.7631578947368421,1.7597523219814244,0.07397959183673469,"STORAGE_1-2TB  ->  PRICE_1200+   (confidence=0.76, lift=1.76)"
"['RAM_8-16GB', 'STORAGE_SSD', 'PRICE_1200+']",['CPU_i5'],0.42,1.7552238805970148,0.05357142857142857,"RAM_8-16GB, STORAGE_SSD, PRICE_1200+  ->  CPU_i5   (confidence=0.42, lift=1.76)"
"['CPU_CoreUltra', 'GPU_IntelIntegrated']",['STORAGE_256-512GB'],0.5185185185185185,1.7522349936143038,0.05,"CPU_CoreUltra, GPU_IntelIntegrated  ->  STORAGE_256-512GB   (confidence=0.52, lift=1.75)"
"['GPU_NVIDIA', 'CPU_i7/i9']",['PRICE_1200+'],0.7522123893805309,1.7345132743362832,0.08673469387755102,"GPU_NVIDIA, CPU_i7/i9  ->  PRICE_1200+   (confidence=0.75, lift=1.73)"
"['RAM_16-32GB', 'PRICE_1200+']",['CPU_i7/i9'],0.5016835016835017,1.7311613790487033,0.0760204081632653,"RAM_16-32GB, PRICE_1200+  ->  CPU_i7/i9   (confidence=0.50, lift=1.73)"
"['STORAGE_SSD', 'GPU_IntelIntegrated']",['CPU_i5'],0.4139433551198257,1.7299125288589732,0.09693877551020408,"STORAGE_SSD, GPU_IntelIntegrated  ->  CPU_i5   (confidence=0.41, lift=1.73)"
"['GPU_NVIDIA', 'RAM_8-16GB']",['STORAGE_SSD'],0.7019867549668874,1.7241779946555131,0.05408163265306123,"GPU_NVIDIA, RAM_8-16GB  ->  STORAGE_SSD   (confidence=0.70, lift=1.72)"
"['GPU_NVIDIA', 'PRICE_1200+']",['STORAGE_HDD'],0.36678200692041524,1.7198390755119948,0.05408163265306123,"GPU_NVIDIA, PRICE_1200+  ->  STORAGE_HDD   (confidence=0.37, lift=1.72)"
"['CPU_i7/i9', 'STORAGE_SSD', 'GPU_IntelIntegrated']",['PRICE_1200+'],0.7441860465116279,1.7160054719562243,0.0653061224489796,"CPU_i7/i9, STORAGE_SSD, GPU_IntelIntegrated  ->  PRICE_1200+   (confidence=0.74, lift=1.72)"
"['RAM_8-16GB', 'PRICE_1200+']",['CPU_i5'],0.40808823529411764,1.705443371378402,0.05663265306122449,"RAM_8-16GB, PRICE_1200+  ->  CPU_i5   (confidence=0.41, lift=1.71)"
"['STORAGE_256-512GB', 'PRICE_1200+']",['RAM_16-32GB'],0.5524193548387096,1.6997518610421833,0.06989795918367347,"STORAGE_256-512GB, PRICE_1200+  ->  RAM_16-32GB   (confidence=0.55, lift=1.70)"
"['STORAGE_SSD', 'PRICE_1200+', 'GPU_IntelIntegrated']",['CPU_i5'],0.4,1.671641791044776,0.05102040816326531,"STORAGE_SSD, PRICE_1200+, GPU_IntelIntegrated  ->  CPU_i5   (confidence=0.40, lift=1.67)"
['STORAGE_SSD'],['RAM_8-16GB'],0.47869674185463656,1.6518408697800842,0.19489795918367347,"STORAGE_SSD  ->  RAM_8-16GB   (confidence=0.48, lift=1.65)"
['RAM_8-16GB'],['STORAGE_SSD'],0.6725352112676056,1.651840869780084,0.19489795918367347,"RAM_8-16GB  ->  STORAGE_SSD   (confidence=0.67, lift=1.65)"
['CPU_CoreUltra'],['STORAGE_512GB-1TB'],0.421455938697318,1.6488096603727411,0.05612244897959184,"CPU_CoreUltra  ->  STORAGE_512GB-1TB   (confidence=0.42, lift=1.65)"
"['CPU_i5', 'GPU_IntelIntegrated']",['RAM_8-16GB'],0.4712328767123288,1.6260852787960642,0.08775510204081632,"CPU_i5, GPU_IntelIntegrated  ->  RAM_8-16GB   (confidence=0.47, lift=1.63)"
"['RAM_8-16GB', 'STORAGE_SSD', 'GPU_IntelIntegrated']",['PRICE_1200+'],0.7037037037037037,1.6226579520697169,0.08724489795918368,"RAM_8-16GB, STORAGE_SSD, GPU_IntelIntegrated  ->  PRICE_1200+   (confidence=0.70, lift=1.62)"
"['RAM_32GB+', 'STORAGE_512GB-1TB']",['PRICE_1200+'],0.7,1.6141176470588234,0.06785714285714285,"RAM_32GB+, STORAGE_512GB-1TB  ->  PRICE_1200+   (confidence=0.70, lift=1.61)"
['PRICE_1200+'],['GPU_NVIDIA'],0.34,1.6135593220338984,0.14744897959183673,"PRICE_1200+  ->  GPU_NVIDIA   (confidence=0.34, lift=1.61)"
['GPU_NVIDIA'],['PRICE_1200+'],0.6997578692493946,1.6135593220338984,0.14744897959183673,"GPU_NVIDIA  ->  PRICE_1200+   (confidence=0.70, lift=1.61)"
"['CPU_i7/i9', 'STORAGE_SSD', 'PRICE_1200+']",['RAM_8-16GB'],0.46735395189003437,1.6127002565219497,0.06938775510204082,"CPU_i7/i9, STORAGE_SSD, PRICE_1200+  ->  RAM_8-16GB   (confidence=0.47, lift=1.61)"
"['CPU_i7/i9', 'RAM_8-16GB']",['STORAGE_128-256GB'],0.4818181818181818,1.6115420415761714,0.05408163265306123,"CPU_i7/i9, RAM_8-16GB  ->  STORAGE_128-256GB   (confidence=0.48, lift=1.61)"
"['CPU_i7/i9', 'RAM_16-32GB']",['STORAGE_SSD'],0.6547619047619048,1.608187134502924,0.08418367346938775,"CPU_i7/i9, RAM_16-32GB  ->  STORAGE_SSD   (confidence=0.65, lift=1.61)"
['STORAGE_256-512GB'],['RAM_16-32GB'],0.5206896551724138,1.6021220159151195,0.1540816326530612,"STORAGE_256-512GB  ->  RAM_16-32GB   (confidence=0.52, lift=1.60)"
['RAM_16-32GB'],['STORAGE_256-512GB'],0.4740973312401884,1.6021220159151193,0.1540816326530612,"RAM_16-32GB  ->  STORAGE_256-512GB   (confidence=0.47, lift=1.60)"
"['CPU_i7/i9', 'STORAGE_SSD']",['RAM_8-16GB'],0.46301369863013697,1.5977233262589234,0.08622448979591837,"CPU_i7/i9, STORAGE_SSD  ->  RAM_8-16GB   (confidence=0.46, lift=1.60)"
['STORAGE_HDD'],['PRICE_400-700'],0.31100478468899523,1.5832970856894304,0.0663265306122449,"STORAGE_HDD  ->  PRICE_400-700   (confidence=0.31, lift=1.58)"
['PRICE_400-700'],['STORAGE_HDD'],0.33766233766233766,1.5832970856894302,0.0663265306122449,"PRICE_400-700  ->  STORAGE_HDD   (confidence=0.34, lift=1.58)"
['STORAGE_SSD'],['CPU_i7/i9'],0.4573934837092732,1.5783296268841118,0.18622448979591838,"STORAGE_SSD  ->  CPU_i7/i9   (confidence=0.46, lift=1.58)"
['CPU_i7/i9'],['STORAGE_SSD'],0.6426056338028169,1.5783296268841116,0.18622448979591838,"CPU_i7/i9  ->  STORAGE_SSD   (confidence=0.64, lift=1.58)"
"['GPU_NVIDIA', 'STORAGE_SSD']",['RAM_8-16GB'],0.45689655172413796,1.5766148615832931,0.05408163265306123,"GPU_NVIDIA, STORAGE_SSD  ->  RAM_8-16GB   (confidence=0.46, lift=1.58)"
['PRICE_1200+'],['RAM_32GB+'],0.3035294117647059,1.5697035542449171,0.13163265306122449,"PRICE_1200+  ->  RAM_32GB+   (confidence=0.30, lift=1.57)"
['RAM_32GB+'],['PRICE_1200+'],0.6807387862796834,1.5697035542449171,0.13163265306122449,"RAM_32GB+  ->  PRICE_1200+   (confidence=0.68, lift=1.57)"
"['CPU_i7/i9', 'PRICE_1200+']",['RAM_8-16GB'],0.4523076923076923,1.560780065005417,0.075,"CPU_i7/i9, PRICE_1200+  ->  RAM_8-16GB   (confidence=0.45, lift=1.56)"
"['RAM_16-32GB', 'PRICE_1200+']",['STORAGE_256-512GB'],0.4612794612794613,1.5588064553581795,0.06989795918367347,"RAM_16-32GB, PRICE_1200+  ->  STORAGE_256-512GB   (confidence=0.46, lift=1.56)"
"['STORAGE_HDD', 'CPU_i7/i9']",['PRICE_1200+'],0.6733333333333333,1.5526274509803923,0.05153061224489796,"STORAGE_HDD, CPU_i7/i9  ->  PRICE_1200+   (confidence=0.67, lift=1.55)"
"['RAM_8-16GB', 'STORAGE_128-256GB', 'STORAGE_SSD', 'GPU_IntelIntegrated']",['PRICE_1200+'],0.6732673267326733,1.5524752475247527,0.06938775510204082,"RAM_8-16GB, STORAGE_128-256GB, STORAGE_SSD, GPU_IntelIntegrated  ->  PRICE_1200+   (confidence=0.67, lift=1.55)"
"['CPU_i5', 'STORAGE_256-512GB']",['GPU_IntelIntegrated'],0.908256880733945,1.5520344256656775,0.050510204081632655,"CPU_i5, STORAGE_256-512GB  ->  GPU_IntelIntegrated   (confidence=0.91, lift=1.55)"
"['CPU_i7/i9', 'RAM_8-16GB']",['PRICE_1200+'],0.6681818181818182,1.5407486631016043,0.075,"CPU_i7/i9, RAM_8-16GB  ->  PRICE_1200+   (confidence=0.67, lift=1.54)"
"['CPU_CoreUltra', 'STORAGE_256-512GB']",['GPU_IntelIntegrated'],0.8990825688073395,1.5363573102549133,0.05,"CPU_CoreUltra, STORAGE_256-512GB  ->  GPU_IntelIntegrated   (confidence=0.90, lift=1.54)"
"['STORAGE_256-512GB', 'GPU_IntelIntegrated']",['RAM_16-32GB'],0.4987405541561713,1.534586320480527,0.10102040816326531,"STORAGE_256-512GB, GPU_IntelIntegrated  ->  RAM_16-32GB   (confidence=0.50, lift=1.53)"
"['RAM_8-16GB', 'STORAGE_SSD']",['CPU_i7/i9'],0.4424083769633508,1.526620455718605,0.08622448979591837,"RAM_8-16GB, STORAGE_SSD  ->  CPU_i7/i9   (confidence=0.44, lift=1.53)"
"['GPU_NVIDIA', 'PRICE_1200+']",['STORAGE_SSD'],0.6193771626297578,1.5212772415467737,0.0913265306122449,"GPU_NVIDIA, PRICE_1200+  ->  STORAGE_SSD   (confidence=0.62, lift=1.52)"
"['RAM_8-16GB', 'STORAGE_SSD']",['PRICE_1200+'],0.6544502617801047,1.5090853095164767,0.12755102040816327,"RAM_8-16GB, STORAGE_SSD  ->  PRICE_1200+   (confidence=0.65, lift=1.51)"
['PRICE_700-1200'],['CPU_i5'],0.35403726708074534,1.479558728098637,0.08724489795918368,"PRICE_700-1200  ->  CPU_i5   (confidence=0.35, lift=1.48)"
['CPU_i5'],['PRICE_700-1200'],0.3646055437100213,1.479558728098637,0.08724489795918368,"CPU_i5  ->  PRICE_700-1200   (confidence=0.36, lift=1.48)"
"['PRICE_700-1200', 'RAM_8-16GB']",['STORAGE_SSD'],0.6010928961748634,1.476368516920717,0.05612244897959184,"PRICE_700-1200, RAM_8-16GB  ->  STORAGE_SSD   (confidence=0.60, lift=1.48)"
"['RAM_16-32GB', 'STORAGE_SSD']",['PRICE_1200+'],0.6371308016877637,1.4691486721270788,0.0770408163265306,"RAM_16-32GB, STORAGE_SSD  ->  PRICE_1200+   (confidence=0.64, lift=1.47)"
"['CPU_i7/i9', 'STORAGE_SSD', 'PRICE_1200+']",['RAM_16-32GB'],0.4742268041237113,1.4591593973037271,0.07040816326530612,"CPU_i7/i9, STORAGE_SSD, PRICE_1200+  ->  RAM_16-32GB   (confidence=0.47, lift=1.46)"
"['CPU_i7/i9', 'PRICE_1200+']",['STORAGE_HDD'],0.31076923076923074,1.4571954361428043,0.05153061224489796,"CPU_i7/i9, PRICE_1200+  ->  STORAGE_HDD   (confidence=0.31, lift=1.46)"
['PRICE_<400'],['GPU_IntelIntegrated'],0.8512396694214877,1.454603096831836,0.10510204081632653,"PRICE_<400  ->  GPU_IntelIntegrated   (confidence=0.85, lift=1.45)"
"['STORAGE_256-512GB', 'STORAGE_SSD']",['PRICE_1200+'],0.6305732484076433,1.4540277257399774,0.050510204081632655,"STORAGE_256-512GB, STORAGE_SSD  ->  PRICE_1200+   (confidence=0.63, lift=1.45)"
"['CPU_i7/i9', 'RAM_16-32GB']",['STORAGE_256-512GB'],0.42857142857142855,1.4482758620689655,0.05510204081632653,"CPU_i7/i9, RAM_16-32GB  ->  STORAGE_256-512GB   (confidence=0.43, lift=1.45)"
"['CPU_i5', 'STORAGE_128-256GB']",['GPU_IntelIntegrated'],0.8415094339622642,1.4379760161866066,0.11377551020408164,"CPU_i5, STORAGE_128-256GB  ->  GPU_IntelIntegrated   (confidence=0.84, lift=1.44)"
"['CPU_i7/i9', 'GPU_IntelIntegrated']",['STORAGE_SSD'],0.5850340136054422,1.4369256474519632,0.08775510204081632,"CPU_i7/i9, GPU_IntelIntegrated  ->  STORAGE_SSD   (confidence=0.59, lift=1.44)"
"['PRICE_1200+', 'GPU_IntelIntegrated']",['STORAGE_SSD'],0.5841121495327103,1.4346614199049024,0.12755102040816327,"PRICE_1200+, GPU_IntelIntegrated  ->  STORAGE_SSD   (confidence=0.58, lift=1.43)"
"['PRICE_1200+', 'GPU_IntelIntegrated']",['RAM_8-16GB'],0.411214953271028,1.418981176780308,0.08979591836734693,"PRICE_1200+, GPU_IntelIntegrated  ->  RAM_8-16GB   (confidence=0.41, lift=1.42)"
"['RAM_8-16GB', 'STORAGE_128-256GB', 'STORAGE_SSD']",['PRICE_1200+'],0.6120996441281139,1.4114297676365921,0.08775510204081632,"RAM_8-16GB, STORAGE_128-256GB, STORAGE_SSD  ->  PRICE_1200+   (confidence=0.61, lift=1.41)"
['CPU_CoreUltra'],['STORAGE_256-512GB'],0.41762452107279696,1.411282864314969,0.055612244897959184,"CPU_CoreUltra  ->  STORAGE_256-512GB   (confidence=0.42, lift=1.41)"
"['CPU_i7/i9', 'PRICE_1200+']",['RAM_16-32GB'],0.4584615384615385,1.4106508875739645,0.0760204081632653,"CPU_i7/i9, PRICE_1200+  ->  RAM_16-32GB   (confidence=0.46, lift=1.41)"
['PRICE_<400'],['STORAGE_128-256GB'],0.4214876033057851,1.4097537584971653,0.05204081632653061,"PRICE_<400  ->  STORAGE_128-256GB   (confidence=0.42, lift=1.41)"
['GPU_AMD'],['STORAGE_512GB-1TB'],0.36,1.408383233532934,0.05510204081632653,"GPU_AMD  ->  STORAGE_512GB-1TB   (confidence=0.36, lift=1.41)"
"['CPU_i7/i9', 'GPU_IntelIntegrated']",['RAM_16-32GB'],0.4557823129251701,1.402407116692831,0.06836734693877551,"CPU_i7/i9, GPU_IntelIntegrated  ->  RAM_16-32GB   (confidence=0.46, lift=1.40)"
['PRICE_<400'],['RAM_16-32GB'],0.45454545454545453,1.3986013986013985,0.05612244897959184,"PRICE_<400  ->  RAM_16-32GB   (confidence=0.45, lift=1.40)"
"['CPU_i5', 'STORAGE_128-256GB', 'STORAGE_SSD']",['GPU_IntelIntegrated'],0.8164251207729468,1.3951118018439197,0.08622448979591837,"CPU_i5, STORAGE_128-256GB, STORAGE_SSD  ->  GPU_IntelIntegrated   (confidence=0.82, lift=1.40)"
"['CPU_i5', 'RAM_8-16GB', 'STORAGE_128-256GB']",['GPU_IntelIntegrated'],0.8160919540229885,1.394542484642596,0.07244897959183673,"CPU_i5, RAM_8-16GB, STORAGE_128-256GB  ->  GPU_IntelIntegrated   (confidence=0.82, lift=1.39)"
['GPU_AMD'],['PRICE_700-1200'],0.3433333333333333,1.3932367149758453,0.052551020408163264,"GPU_AMD  ->  PRICE_700-1200   (confidence=0.34, lift=1.39)"
"['CPU_i7/i9', 'STORAGE_SSD']",['RAM_16-32GB'],0.4520547945205479,1.3909378292939936,0.08418367346938775,"CPU_i7/i9, STORAGE_SSD  ->  RAM_16-32GB   (confidence=0.45, lift=1.39)"
"['CPU_i5', 'STORAGE_SSD', 'PRICE_1200+']",['GPU_IntelIntegrated'],0.8130081300813008,1.3892728290840015,0.05102040816326531,"CPU_i5, STORAGE_SSD, PRICE_1200+  ->  GPU_IntelIntegrated   (confidence=0.81, lift=1.39)"
"['GPU_NVIDIA', 'STORAGE_HDD']",['PRICE_1200+'],0.5988700564971752,1.3809238949817217,0.05408163265306123,"GPU_NVIDIA, STORAGE_HDD  ->  PRICE_1200+   (confidence=0.60, lift=1.38)"
['GPU_NVIDIA'],['STORAGE_SSD'],0.5617433414043583,1.3797204876598275,0.11836734693877551,"GPU_NVIDIA  ->  STORAGE_SSD   (confidence=0.56, lift=1.38)"
"['CPU_i7/i9', 'GPU_IntelIntegrated']",['STORAGE_256-512GB'],0.40816326530612246,1.3793103448275863,0.061224489795918366,"CPU_i7/i9, GPU_IntelIntegrated  ->  STORAGE_256-512GB   (confidence=0.41, lift=1.38)"
"['CPU_i5', 'RAM_8-16GB', 'STORAGE_128-256GB', 'STORAGE_SSD']",['GPU_IntelIntegrated'],0.802547770700637,1.371398108607889,0.06428571428571428,"CPU_i5, RAM_8-16GB, STORAGE_128-256GB, STORAGE_SSD  ->  GPU_IntelIntegrated   (confidence=0.80, lift=1.37)"
"['CPU_i5', 'PRICE_1200+']",['GPU_IntelIntegrated'],0.8014705882352942,1.3695574132006771,0.055612244897959184,"CPU_i5, PRICE_1200+  ->  GPU_IntelIntegrated   (confidence=0.80, lift=1.37)"
['CPU_i7/i9'],['RAM_16-32GB'],0.44366197183098594,1.3651137594799567,0.12857142857142856,"CPU_i7/i9  ->  RAM_16-32GB   (confidence=0.44, lift=1.37)"
['RAM_16-32GB'],['CPU_i7/i9'],0.3956043956043956,1.3651137594799567,0.12857142857142856,"RAM_16-32GB  ->  CPU_i7/i9   (confidence=0.40, lift=1.37)"
"['CPU_i7/i9', 'RAM_16-32GB']",['PRICE_1200+'],0.5912698412698413,1.3633986928104576,0.0760204081632653,"CPU_i7/i9, RAM_16-32GB  ->  PRICE_1200+   (confidence=0.59, lift=1.36)"
"['RAM_32GB+', 'GPU_IntelIntegrated']",['PRICE_1200+'],0.5869565217391305,1.353452685421995,0.05510204081632653,"RAM_32GB+, GPU_IntelIntegrated  ->  PRICE_1200+   (confidence=0.59, lift=1.35)"
"['PRICE_1200+', 'GPU_IntelIntegrated']",['STORAGE_128-256GB'],0.40420560747663553,1.351950495996938,0.08826530612244898,"PRICE_1200+, GPU_IntelIntegrated  ->  STORAGE_128-256GB   (confidence=0.40, lift=1.35)"
"['RAM_8-16GB', 'STORAGE_128-256GB', 'STORAGE_SSD', 'PRICE_1200+']",['GPU_IntelIntegrated'],0.7906976744186046,1.3511485979603008,0.06938775510204082,"RAM_8-16GB, STORAGE_128-256GB, STORAGE_SSD, PRICE_1200+  ->  GPU_IntelIntegrated   (confidence=0.79, lift=1.35)"
"['RAM_8-16GB', 'STORAGE_128-256GB', 'PRICE_1200+']",['GPU_IntelIntegrated'],0.7873563218390804,1.34543887602842,0.06989795918367347,"RAM_8-16GB, STORAGE_128-256GB, PRICE_1200+  ->  GPU_IntelIntegrated   (confidence=0.79, lift=1.35)"
['CPU_i7/i9'],['RAM_8-16GB'],0.3873239436619718,1.33654036897441,0.11224489795918367,"CPU_i7/i9  ->  RAM_8-16GB   (confidence=0.39, lift=1.34)"
['RAM_8-16GB'],['CPU_i7/i9'],0.3873239436619718,1.33654036897441,0.11224489795918367,"RAM_8-16GB  ->  CPU_i7/i9   (confidence=0.39, lift=1.34)"
['PRICE_700-1200'],['STORAGE_512GB-1TB'],0.3416149068322981,1.3364575197431223,0.08418367346938775,"PRICE_700-1200  ->  STORAGE_512GB-1TB   (confidence=0.34, lift=1.34)"
['STORAGE_512GB-1TB'],['PRICE_700-1200'],0.32934131736526945,1.3364575197431223,0.08418367346938775,"STORAGE_512GB-1TB  ->  PRICE_700-1200   (confidence=0.33, lift=1.34)"
"['GPU_NVIDIA', 'CPU_i7/i9']",['RAM_16-32GB'],0.4336283185840708,1.3342409802586794,0.05,"GPU_NVIDIA, CPU_i7/i9  ->  RAM_16-32GB   (confidence=0.43, lift=1.33)"
['GPU_IntelIntegrated'],['CPU_i5'],0.3182214472537053,1.3298806750901118,0.18622448979591838,"GPU_IntelIntegrated  ->  CPU_i5   (confidence=0.32, lift=1.33)"
['CPU_i5'],['GPU_IntelIntegrated'],0.7782515991471215,1.3298806750901118,0.18622448979591838,"CPU_i5  ->  GPU_IntelIntegrated   (confidence=0.78, lift=1.33)"
"['RAM_8-16GB', 'STORAGE_128-256GB', 'GPU_IntelIntegrated']",['PRICE_1200+'],0.5756302521008403,1.3273356401384082,0.06989795918367347,"RAM_8-16GB, STORAGE_128-256GB, GPU_IntelIntegrated  ->  PRICE_1200+   (confidence=0.58, lift=1.33)"
"['CPU_i5', 'RAM_8-16GB', 'STORAGE_SSD']",['PRICE_1200+'],0.5737704918032787,1.3230472516875602,0.05357142857142857,"CPU_i5, RAM_8-16GB, STORAGE_SSD  ->  PRICE_1200+   (confidence=0.57, lift=1.32)"
['CPU_i5'],['STORAGE_SSD'],0.5373134328358209,1.3197172034564022,0.12857142857142856,"CPU_i5  ->  STORAGE_SSD   (confidence=0.54, lift=1.32)"
['STORAGE_SSD'],['CPU_i5'],0.3157894736842105,1.319717203456402,0.12857142857142856,"STORAGE_SSD  ->  CPU_i5   (confidence=0.32, lift=1.32)"
['PRICE_1200+'],['CPU_i7/i9'],0.38235294117647056,1.319386909693455,0.16581632653061223,"PRICE_1200+  ->  CPU_i7/i9   (confidence=0.38, lift=1.32)"
['CPU_i7/i9'],['PRICE_1200+'],0.5721830985915493,1.3193869096934547,0.16581632653061223,"CPU_i7/i9  ->  PRICE_1200+   (confidence=0.57, lift=1.32)"
"['PRICE_1200+', 'GPU_IntelIntegrated']",['STORAGE_256-512GB'],0.3878504672897196,1.3106670963583629,0.08469387755102041,"PRICE_1200+, GPU_IntelIntegrated  ->  STORAGE_256-512GB   (confidence=0.39, lift=1.31)"
['RAM_8-16GB'],['PRICE_700-1200'],0.3221830985915493,1.3074096754439681,0.0933673469387755,"RAM_8-16GB  ->  PRICE_700-1200   (confidence=0.32, lift=1.31)"
['PRICE_700-1200'],['RAM_8-16GB'],0.37888198757763975,1.3074096754439681,0.0933673469387755,"PRICE_700-1200  ->  RAM_8-16GB   (confidence=0.38, lift=1.31)"
['PRICE_1200+'],['STORAGE_SSD'],0.5305882352941177,1.303199174406605,0.23010204081632654,"PRICE_1200+  ->  STORAGE_SSD   (confidence=0.53, lift=1.30)"
['STORAGE_SSD'],['PRICE_1200+'],0.5651629072681704,1.3031991744066047,0.23010204081632654,"STORAGE_SSD  ->  PRICE_1200+   (confidence=0.57, lift=1.30)"
"['STORAGE_128-256GB', 'STORAGE_SSD', 'PRICE_1200+']",['GPU_IntelIntegrated'],0.7621359223300971,1.3023421166233569,0.08010204081632653,"STORAGE_128-256GB, STORAGE_SSD, PRICE_1200+  ->  GPU_IntelIntegrated   (confidence=0.76, lift=1.30)"
['CPU_i3'],['GPU_IntelIntegrated'],0.7591240875912408,1.2971954766162441,0.053061224489795916,"CPU_i3  ->  GPU_IntelIntegrated   (confidence=0.76, lift=1.30)"
"['RAM_16-32GB', 'GPU_IntelIntegrated']",['CPU_i7/i9'],0.3753501400560224,1.2952223142778239,0.06836734693877551,"RAM_16-32GB, GPU_IntelIntegrated  ->  CPU_i7/i9   (confidence=0.38, lift=1.30)"
"['STORAGE_SSD', 'GPU_IntelIntegrated']",['CPU_i7/i9'],0.3747276688453159,1.2930743502408788,0.08775510204081632,"STORAGE_SSD, GPU_IntelIntegrated  ->  CPU_i7/i9   (confidence=0.37, lift=1.29)"
['STORAGE_HDD'],['PRICE_700-1200'],0.3181818181818182,1.2911725955204216,0.06785714285714285,"STORAGE_HDD  ->  PRICE_700-1200   (confidence=0.32, lift=1.29)"
"['RAM_8-16GB', 'STORAGE_128-256GB', 'STORAGE_SSD']",['CPU_i7/i9'],0.3736654804270463,1.2894090521778359,0.05357142857142857,"RAM_8-16GB, STORAGE_128-256GB, STORAGE_SSD  ->  CPU_i7/i9   (confidence=0.37, lift=1.29)"
"['CPU_i5', 'STORAGE_SSD']",['GPU_IntelIntegrated'],0.753968253968254,1.2883851593529014,0.09693877551020408,"CPU_i5, STORAGE_SSD  ->  GPU_IntelIntegrated   (confidence=0.75, lift=1.29)"
"['STORAGE_128-256GB', 'PRICE_1200+']",['GPU_IntelIntegrated'],0.7521739130434782,1.285318979568629,0.08826530612244898,"STORAGE_128-256GB, PRICE_1200+  ->  GPU_IntelIntegrated   (confidence=0.75, lift=1.29)"
['STORAGE_HDD'],['RAM_8-16GB'],0.3708133971291866,1.2795673562908552,0.07908163265306123,"STORAGE_HDD  ->  RAM_8-16GB   (confidence=0.37, lift=1.28)"
"['CPU_i5', 'GPU_IntelIntegrated']",['STORAGE_SSD'],0.5205479452054794,1.278538812785388,0.09693877551020408,"CPU_i5, GPU_IntelIntegrated  ->  STORAGE_SSD   (confidence=0.52, lift=1.28)"
"['STORAGE_128-256GB', 'STORAGE_SSD']",['PRICE_700-1200'],0.3136792452830189,1.2729012852064534,0.06785714285714285,"STORAGE_128-256GB, STORAGE_SSD  ->  PRICE_700-1200   (confidence=0.31, lift=1.27)"
['GPU_NVIDIA'],['STORAGE_512GB-1TB'],0.324455205811138,1.2693257552691226,0.06836734693877551,"GPU_NVIDIA  ->  STORAGE_512GB-1TB   (confidence=0.32, lift=1.27)"
['GPU_NVIDIA'],['RAM_8-16GB'],0.36561743341404357,1.261637622344235,0.0770408163265306,"GPU_NVIDIA  ->  RAM_8-16GB   (confidence=0.37, lift=1.26)"
"['CPU_i5', 'GPU_IntelIntegrated']",['PRICE_700-1200'],0.3095890410958904,1.256303355171729,0.05765306122448979,"CPU_i5, GPU_IntelIntegrated  ->  PRICE_700-1200   (confidence=0.31, lift=1.26)"
"['STORAGE_SSD', 'GPU_IntelIntegrated']",['PRICE_1200+'],0.5446623093681917,1.2559272074843009,0.12755102040816327,"STORAGE_SSD, GPU_IntelIntegrated  ->  PRICE_1200+   (confidence=0.54, lift=1.26)"
"['RAM_8-16GB', 'STORAGE_128-256GB']",['GPU_IntelIntegrated'],0.7345679012345679,1.255233728352008,0.12142857142857143,"RAM_8-16GB, STORAGE_128-256GB  ->  GPU_IntelIntegrated   (confidence=0.73, lift=1.26)"
"['RAM_16-32GB', 'PRICE_1200+']",['STORAGE_SSD'],0.5084175084175084,1.2487447575166875,0.0770408163265306,"RAM_16-32GB, PRICE_1200+  ->  STORAGE_SSD   (confidence=0.51, lift=1.25)"
['GPU_IntelIntegrated'],['STORAGE_128-256GB'],0.3714036617262424,1.2422375033847017,0.2173469387755102,"GPU_IntelIntegrated  ->  STORAGE_128-256GB   (confidence=0.37, lift=1.24)"
['STORAGE_128-256GB'],['GPU_IntelIntegrated'],0.726962457337884,1.2422375033847015,0.2173469387755102,"STORAGE_128-256GB  ->  GPU_IntelIntegrated   (confidence=0.73, lift=1.24)"
"['RAM_8-16GB', 'STORAGE_128-256GB']",['PRICE_700-1200'],0.3055555555555556,1.2399355877616747,0.050510204081632655,"RAM_8-16GB, STORAGE_128-256GB  ->  PRICE_700-1200   (confidence=0.31, lift=1.24)"
"['RAM_8-16GB', 'STORAGE_128-256GB']",['PRICE_1200+'],0.5370370370370371,1.2383442265795208,0.08877551020408163,"RAM_8-16GB, STORAGE_128-256GB  ->  PRICE_1200+   (confidence=0.54, lift=1.24)"
['STORAGE_HDD'],['CPU_i7/i9'],0.3588516746411483,1.238290989958892,0.07653061224489796,"STORAGE_HDD  ->  CPU_i7/i9   (confidence=0.36, lift=1.24)"
['CPU_CoreUltra'],['GPU_IntelIntegrated'],0.7241379310344828,1.237410937077233,0.09642857142857143,"CPU_CoreUltra  ->  GPU_IntelIntegrated   (confidence=0.72, lift=1.24)"
"['STORAGE_256-512GB', 'RAM_16-32GB']",['CPU_i7/i9'],0.3576158940397351,1.2340266766159873,0.05510204081632653,"STORAGE_256-512GB, RAM_16-32GB  ->  CPU_i7/i9   (confidence=0.36, lift=1.23)"
"['CPU_i5', 'RAM_8-16GB', 'STORAGE_SSD']",['GPU_IntelIntegrated'],0.7213114754098361,1.232581073934855,0.0673469387755102,"CPU_i5, RAM_8-16GB, STORAGE_SSD  ->  GPU_IntelIntegrated   (confidence=0.72, lift=1.23)"
"['CPU_i7/i9', 'GPU_IntelIntegrated']",['RAM_8-16GB'],0.35714285714285715,1.2323943661971832,0.05357142857142857,"CPU_i7/i9, GPU_IntelIntegrated  ->  RAM_8-16GB   (confidence=0.36, lift=1.23)"
['RAM_<8GB'],['GPU_IntelIntegrated'],0.7207446808510638,1.2316125322302398,0.13826530612244897,"RAM_<8GB  ->  GPU_IntelIntegrated   (confidence=0.72, lift=1.23)"
"['RAM_8-16GB', 'STORAGE_128-256GB', 'STORAGE_SSD']",['GPU_IntelIntegrated'],0.7188612099644128,1.22839404666979,0.10306122448979592,"RAM_8-16GB, STORAGE_128-256GB, STORAGE_SSD  ->  GPU_IntelIntegrated   (confidence=0.72, lift=1.23)"
"['GPU_NVIDIA', 'PRICE_1200+']",['RAM_16-32GB'],0.39792387543252594,1.224381155177003,0.058673469387755105,"GPU_NVIDIA, PRICE_1200+  ->  RAM_16-32GB   (confidence=0.40, lift=1.22)"
['PRICE_400-700'],['STORAGE_512GB-1TB'],0.3116883116883117,1.2193794229722372,0.061224489795918366,"PRICE_400-700  ->  STORAGE_512GB-1TB   (confidence=0.31, lift=1.22)"
"['CPU_i5', 'STORAGE_SSD', 'GPU_IntelIntegrated']",['PRICE_1200+'],0.5263157894736842,1.2136222910216719,0.05102040816326531,"CPU_i5, STORAGE_SSD, GPU_IntelIntegrated  ->  PRICE_1200+   (confidence=0.53, lift=1.21)"
"['STORAGE_128-256GB', 'STORAGE_SSD']",['GPU_IntelIntegrated'],0.7099056603773585,1.213090753565495,0.15357142857142858,"STORAGE_128-256GB, STORAGE_SSD  ->  GPU_IntelIntegrated   (confidence=0.71, lift=1.21)"
"['RAM_8-16GB', 'GPU_IntelIntegrated']",['PRICE_1200+'],0.5253731343283582,1.2114486391571555,0.08979591836734693,"RAM_8-16GB, GPU_IntelIntegrated  ->  PRICE_1200+   (confidence=0.53, lift=1.21)"
"['CPU_i7/i9', 'STORAGE_256-512GB']",['GPU_IntelIntegrated'],0.7058823529411765,1.2062157033694036,0.061224489795918366,"CPU_i7/i9, STORAGE_256-512GB  ->  GPU_IntelIntegrated   (confidence=0.71, lift=1.21)"
"['STORAGE_128-256GB', 'STORAGE_SSD', 'GPU_IntelIntegrated']",['PRICE_1200+'],0.521594684385382,1.2027359781121751,0.08010204081632653,"STORAGE_128-256GB, STORAGE_SSD, GPU_IntelIntegrated  ->  PRICE_1200+   (confidence=0.52, lift=1.20)"
"['CPU_i5', 'RAM_8-16GB']",['GPU_IntelIntegrated'],0.6991869918699187,1.1947746330122413,0.08775510204081632,"CPU_i5, RAM_8-16GB  ->  GPU_IntelIntegrated   (confidence=0.70, lift=1.19)"
['PRICE_400-700'],['STORAGE_256-512GB'],0.35324675324675325,1.1937304075235111,0.06938775510204082,"PRICE_400-700  ->  STORAGE_256-512GB   (confidence=0.35, lift=1.19)"
"['CPU_i5', 'STORAGE_128-256GB', 'STORAGE_SSD']",['PRICE_1200+'],0.5169082125603864,1.1919295254333617,0.05459183673469388,"CPU_i5, STORAGE_128-256GB, STORAGE_SSD  ->  PRICE_1200+   (confidence=0.52, lift=1.19)"
['CPU_CoreUltra'],['RAM_16-32GB'],0.3831417624521073,1.1788977306218686,0.05102040816326531,"CPU_CoreUltra  ->  RAM_16-32GB   (confidence=0.38, lift=1.18)"
"['CPU_i7/i9', 'GPU_IntelIntegrated']",['STORAGE_128-256GB'],0.35034013605442177,1.1717861205915814,0.052551020408163264,"CPU_i7/i9, GPU_IntelIntegrated  ->  STORAGE_128-256GB   (confidence=0.35, lift=1.17)"
['GPU_IntelIntegrated'],['STORAGE_256-512GB'],0.34612031386224934,1.1696479571896703,0.20255102040816325,"GPU_IntelIntegrated  ->  STORAGE_256-512GB   (confidence=0.35, lift=1.17)"
['STORAGE_256-512GB'],['GPU_IntelIntegrated'],0.6844827586206896,1.1696479571896703,0.20255102040816325,"STORAGE_256-512GB  ->  GPU_IntelIntegrated   (confidence=0.68, lift=1.17)"
"['RAM_8-16GB', 'STORAGE_SSD', 'PRICE_1200+']",['GPU_IntelIntegrated'],0.684,1.1688230165649522,0.08724489795918368,"RAM_8-16GB, STORAGE_SSD, PRICE_1200+  ->  GPU_IntelIntegrated   (confidence=0.68, lift=1.17)"
"['CPU_CoreUltra', 'PRICE_1200+']",['GPU_IntelIntegrated'],0.6832579185520362,1.1675549436460253,0.0770408163265306,"CPU_CoreUltra, PRICE_1200+  ->  GPU_IntelIntegrated   (confidence=0.68, lift=1.17)"
"['STORAGE_256-512GB', 'PRICE_1200+']",['GPU_IntelIntegrated'],0.6693548387096774,1.1437972832353687,0.08469387755102041,"STORAGE_256-512GB, PRICE_1200+  ->  GPU_IntelIntegrated   (confidence=0.67, lift=1.14)"
"['CPU_i5', 'PRICE_700-1200']",['GPU_IntelIntegrated'],0.6608187134502924,1.1292107047624875,0.05765306122448979,"CPU_i5, PRICE_700-1200  ->  GPU_IntelIntegrated   (confidence=0.66, lift=1.13)"
"['RAM_8-16GB', 'STORAGE_128-256GB']",['CPU_i7/i9'],0.3271604938271605,1.1289340984176666,0.05408163265306123,"RAM_8-16GB, STORAGE_128-256GB  ->  CPU_i7/i9   (confidence=0.33, lift=1.13)"
"['PRICE_1200+', 'GPU_IntelIntegrated']",['CPU_i7/i9'],0.32710280373831774,1.128735026984336,0.07142857142857142,"PRICE_1200+, GPU_IntelIntegrated  ->  CPU_i7/i9   (confidence=0.33, lift=1.13)"
"['CPU_i5', 'STORAGE_SSD']",['PRICE_1200+'],0.4880952380952381,1.1254901960784314,0.06275510204081633,"CPU_i5, STORAGE_SSD  ->  PRICE_1200+   (confidence=0.49, lift=1.13)"
"['STORAGE_128-256GB', 'STORAGE_SSD']",['CPU_i7/i9'],0.32547169811320753,1.1231065639117725,0.07040816326530612,"STORAGE_128-256GB, STORAGE_SSD  ->  CPU_i7/i9   (confidence=0.33, lift=1.12)"
"['STORAGE_256-512GB', 'RAM_16-32GB']",['GPU_IntelIntegrated'],0.6556291390728477,1.1203427311096614,0.10102040816326531,"STORAGE_256-512GB, RAM_16-32GB  ->  GPU_IntelIntegrated   (confidence=0.66, lift=1.12)"
"['STORAGE_128-256GB', 'STORAGE_SSD']",['PRICE_1200+'],0.4858490566037736,1.1203107658157603,0.10510204081632653,"STORAGE_128-256GB, STORAGE_SSD  ->  PRICE_1200+   (confidence=0.49, lift=1.12)"
"['RAM_8-16GB', 'PRICE_1200+']",['GPU_IntelIntegrated'],0.6470588235294118,1.10569772808862,0.08979591836734693,"RAM_8-16GB, PRICE_1200+  ->  GPU_IntelIntegrated   (confidence=0.65, lift=1.11)"
"['RAM_<8GB', 'PRICE_400-700']",['GPU_IntelIntegrated'],0.6463414634146342,1.1044718991217812,0.05408163265306123,"RAM_<8GB, PRICE_400-700  ->  GPU_IntelIntegrated   (confidence=0.65, lift=1.10)"
['RAM_8-16GB'],['PRICE_1200+'],0.4788732394366197,1.1042253521126761,0.13877551020408163,"RAM_8-16GB  ->  PRICE_1200+   (confidence=0.48, lift=1.10)"
['PRICE_1200+'],['RAM_8-16GB'],0.32,1.1042253521126761,0.13877551020408163,"PRICE_1200+  ->  RAM_8-16GB   (confidence=0.32, lift=1.10)"
"['STORAGE_256-512GB', 'STORAGE_SSD']",['GPU_IntelIntegrated'],0.643312101910828,1.0992953092809268,0.05153061224489796,"STORAGE_256-512GB, STORAGE_SSD  ->  GPU_IntelIntegrated   (confidence=0.64, lift=1.10)"
"['CPU_i7/i9', 'GPU_IntelIntegrated']",['PRICE_1200+'],0.47619047619047616,1.0980392156862746,0.07142857142857142,"CPU_i7/i9, GPU_IntelIntegrated  ->  PRICE_1200+   (confidence=0.48, lift=1.10)"
"['RAM_<8GB', 'STORAGE_HDD']",['GPU_IntelIntegrated'],0.640625,1.0947035745422842,0.06275510204081633,"RAM_<8GB, STORAGE_HDD  ->  GPU_IntelIntegrated   (confidence=0.64, lift=1.09)"
['PRICE_400-700'],['GPU_IntelIntegrated'],0.638961038961039,1.0918601886343822,0.12551020408163266,"PRICE_400-700  ->  GPU_IntelIntegrated   (confidence=0.64, lift=1.09)"
"['RAM_8-16GB', 'STORAGE_SSD']",['GPU_IntelIntegrated'],0.6361256544502618,1.0870150677615633,0.1239795918367347,"RAM_8-16GB, STORAGE_SSD  ->  GPU_IntelIntegrated   (confidence=0.64, lift=1.09)"
"['RAM_8-16GB', 'GPU_IntelIntegrated']",['CPU_i7/i9'],0.31343283582089554,1.0815640109312594,0.05357142857142857,"RAM_8-16GB, GPU_IntelIntegrated  ->  CPU_i7/i9   (confidence=0.31, lift=1.08)"
['PRICE_1200+'],['RAM_16-32GB'],0.34941176470588237,1.0751131221719457,0.15153061224489797,"PRICE_1200+  ->  RAM_16-32GB   (confidence=0.35, lift=1.08)"
['RAM_16-32GB'],['PRICE_1200+'],0.4662480376766091,1.0751131221719457,0.15153061224489797,"RAM_16-32GB  ->  PRICE_1200+   (confidence=0.47, lift=1.08)"
['PRICE_700-1200'],['STORAGE_128-256GB'],0.3188405797101449,1.0664292427165256,0.07857142857142857,"PRICE_700-1200  ->  STORAGE_128-256GB   (confidence=0.32, lift=1.07)"
"['CPU_i7/i9', 'STORAGE_128-256GB']",['GPU_IntelIntegrated'],0.6130952380952381,1.0476605637895962,0.052551020408163264,"CPU_i7/i9, STORAGE_128-256GB  ->  GPU_IntelIntegrated   (confidence=0.61, lift=1.05)"
"['CPU_CoreUltra', 'RAM_32GB+']",['GPU_IntelIntegrated'],0.6125,1.0466434176111596,0.05,"CPU_CoreUltra, RAM_32GB+  ->  GPU_IntelIntegrated   (confidence=0.61, lift=1.05)"
"['STORAGE_256-512GB', 'RAM_16-32GB']",['PRICE_1200+'],0.45364238410596025,1.0460459680560967,0.06989795918367347,"STORAGE_256-512GB, RAM_16-32GB  ->  PRICE_1200+   (confidence=0.45, lift=1.05)"
"['STORAGE_256-512GB', 'GPU_IntelIntegrated']",['CPU_i7/i9'],0.3022670025188917,1.0430340227764574,0.061224489795918366,"STORAGE_256-512GB, GPU_IntelIntegrated  ->  CPU_i7/i9   (confidence=0.30, lift=1.04)"
"['CPU_i5', 'RAM_8-16GB']",['PRICE_1200+'],0.45121951219512196,1.0404591104734577,0.05663265306122449,"CPU_i5, RAM_8-16GB  ->  PRICE_1200+   (confidence=0.45, lift=1.04)"
"['STORAGE_SSD', 'PRICE_1200+']",['RAM_16-32GB'],0.3348115299334812,1.0301893228722498,0.0770408163265306,"STORAGE_SSD, PRICE_1200+  ->  RAM_16-32GB   (confidence=0.33, lift=1.03)"
['PRICE_700-1200'],['STORAGE_SSD'],0.4140786749482402,1.0170353419781337,0.10204081632653061,"PRICE_700-1200  ->  STORAGE_SSD   (confidence=0.41, lift=1.02)"
['RAM_<8GB'],['STORAGE_128-256GB'],0.30319148936170215,1.0140875753394816,0.058163265306122446,"RAM_<8GB  ->  STORAGE_128-256GB   (confidence=0.30, lift=1.01)"
['RAM_8-16GB'],['GPU_IntelIntegrated'],0.5897887323943662,1.0078342768029276,0.17091836734693877,"RAM_8-16GB  ->  GPU_IntelIntegrated   (confidence=0.59, lift=1.01)"
['STORAGE_256-512GB'],['PRICE_1200+'],0.42758620689655175,0.9859634888438135,0.12653061224489795,"STORAGE_256-512GB  ->  PRICE_1200+   (confidence=0.43, lift=0.99)"
['STORAGE_SSD'],['GPU_IntelIntegrated'],0.575187969924812,0.9828844124260084,0.23418367346938776,"STORAGE_SSD  ->  GPU_IntelIntegrated   (confidence=0.58, lift=0.98)"
['GPU_IntelIntegrated'],['STORAGE_SSD'],0.4001743679163034,0.9828844124260083,0.23418367346938776,"GPU_IntelIntegrated  ->  STORAGE_SSD   (confidence=0.40, lift=0.98)"
"['STORAGE_256-512GB', 'GPU_IntelIntegrated']",['PRICE_1200+'],0.4181360201511335,0.964172469995555,0.08469387755102041,"STORAGE_256-512GB, GPU_IntelIntegrated  ->  PRICE_1200+   (confidence=0.42, lift=0.96)"
['RAM_16-32GB'],['GPU_IntelIntegrated'],0.5604395604395604,0.9576822480048287,0.18214285714285713,"RAM_16-32GB  ->  GPU_IntelIntegrated   (confidence=0.56, lift=0.96)"
['GPU_IntelIntegrated'],['RAM_16-32GB'],0.3112467306015693,0.9576822480048286,0.18214285714285713,"GPU_IntelIntegrated  ->  RAM_16-32GB   (confidence=0.31, lift=0.96)"
"['PRICE_700-1200', 'GPU_IntelIntegrated']",['STORAGE_SSD'],0.3895131086142322,0.9566988632630266,0.053061224489795916,"PRICE_700-1200, GPU_IntelIntegrated  ->  STORAGE_SSD   (confidence=0.39, lift=0.96)"
"['STORAGE_SSD', 'PRICE_1200+']",['GPU_IntelIntegrated'],0.5543237250554324,0.9472314743754555,0.12755102040816327,"STORAGE_SSD, PRICE_1200+  ->  GPU_IntelIntegrated   (confidence=0.55, lift=0.95)"
['PRICE_700-1200'],['GPU_IntelIntegrated'],0.5527950310559007,0.9446192335392898,0.13622448979591836,"PRICE_700-1200  ->  GPU_IntelIntegrated   (confidence=0.55, lift=0.94)"
"['CPU_i5', 'STORAGE_128-256GB']",['PRICE_1200+'],0.4075471698113208,0.9397558268590456,0.05510204081632653,"CPU_i5, STORAGE_128-256GB  ->  PRICE_1200+   (confidence=0.41, lift=0.94)"
"['STORAGE_128-256GB', 'GPU_IntelIntegrated']",['PRICE_1200+'],0.4061032863849765,0.9364264015465341,0.08826530612244898,"STORAGE_128-256GB, GPU_IntelIntegrated  ->  PRICE_1200+   (confidence=0.41, lift=0.94)"
['GPU_NVIDIA'],['RAM_16-32GB'],0.30024213075060535,0.9238219407710934,0.06326530612244897,"GPU_NVIDIA  ->  RAM_16-32GB   (confidence=0.30, lift=0.92)"
['RAM_16-32GB'],['STORAGE_SSD'],0.37205651491365777,0.913823019086177,0.12091836734693878,"RAM_16-32GB  ->  STORAGE_SSD   (confidence=0.37, lift=0.91)"
['STORAGE_512GB-1TB'],['PRICE_1200+'],0.39520958083832336,0.9113067981683692,0.10102040816326531,"STORAGE_512GB-1TB  ->  PRICE_1200+   (confidence=0.40, lift=0.91)"
"['CPU_i7/i9', 'RAM_16-32GB']",['GPU_IntelIntegrated'],0.5317460317460317,0.908650586069941,0.06836734693877551,"CPU_i7/i9, RAM_16-32GB  ->  GPU_IntelIntegrated   (confidence=0.53, lift=0.91)"
['STORAGE_128-256GB'],['PRICE_1200+'],0.3924914675767918,0.9050391487653082,0.11734693877551021,"STORAGE_128-256GB  ->  PRICE_1200+   (confidence=0.39, lift=0.91)"
"['PRICE_700-1200', 'STORAGE_SSD']",['GPU_IntelIntegrated'],0.52,0.8885789014821274,0.053061224489795916,"PRICE_700-1200, STORAGE_SSD  ->  GPU_IntelIntegrated   (confidence=0.52, lift=0.89)"
['CPU_i7/i9'],['GPU_IntelIntegrated'],0.5176056338028169,0.8844873951643601,0.15,"CPU_i7/i9  ->  GPU_IntelIntegrated   (confidence=0.52, lift=0.88)"
['GPU_IntelIntegrated'],['PRICE_1200+'],0.37314734088927637,0.8604338684035079,0.21836734693877552,"GPU_IntelIntegrated  ->  PRICE_1200+   (confidence=0.37, lift=0.86)"
['PRICE_1200+'],['GPU_IntelIntegrated'],0.5035294117647059,0.8604338684035079,0.21836734693877552,"PRICE_1200+  ->  GPU_IntelIntegrated   (confidence=0.50, lift=0.86)"
['GPU_AMD'],['STORAGE_SSD'],0.34,0.8350877192982457,0.05204081632653061,"GPU_AMD  ->  STORAGE_SSD   (confidence=0.34, lift=0.84)"
['RAM_32GB+'],['GPU_IntelIntegrated'],0.48548812664907653,0.8296048197316391,0.09387755102040816,"RAM_32GB+  ->  GPU_IntelIntegrated   (confidence=0.49, lift=0.83)"
"['CPU_i7/i9', 'RAM_8-16GB']",['GPU_IntelIntegrated'],0.4772727272727273,0.8155662994372672,0.05357142857142857,"CPU_i7/i9, RAM_8-16GB  ->  GPU_IntelIntegrated   (confidence=0.48, lift=0.82)"
"['CPU_i7/i9', 'STORAGE_SSD']",['GPU_IntelIntegrated'],0.4712328767123288,0.8052453690986613,0.08775510204081632,"CPU_i7/i9, STORAGE_SSD  ->  GPU_IntelIntegrated   (confidence=0.47, lift=0.81)"
['STORAGE_512GB-1TB'],['GPU_IntelIntegrated'],0.46506986027944114,0.7947139722299081,0.11887755102040816,"STORAGE_512GB-1TB  ->  GPU_IntelIntegrated   (confidence=0.47, lift=0.79)"
"['RAM_16-32GB', 'GPU_IntelIntegrated']",['PRICE_1200+'],0.34173669467787116,0.78800461361015,0.06224489795918367,"RAM_16-32GB, GPU_IntelIntegrated  ->  PRICE_1200+   (confidence=0.34, lift=0.79)"
['RAM_<8GB'],['STORAGE_SSD'],0.31117021276595747,0.7642777155655096,0.05969387755102041,"RAM_<8GB  ->  STORAGE_SSD   (confidence=0.31, lift=0.76)"
"['CPU_i7/i9', 'STORAGE_SSD', 'PRICE_1200+']",['GPU_IntelIntegrated'],0.43986254295532645,0.7516395677353442,0.0653061224489796,"CPU_i7/i9, STORAGE_SSD, PRICE_1200+  ->  GPU_IntelIntegrated   (confidence=0.44, lift=0.75)"
"['RAM_16-32GB', 'STORAGE_SSD']",['GPU_IntelIntegrated'],0.4388185654008439,0.7498556130650864,0.053061224489795916,"RAM_16-32GB, STORAGE_SSD  ->  GPU_IntelIntegrated   (confidence=0.44, lift=0.75)"
"['CPU_i7/i9', 'PRICE_1200+']",['GPU_IntelIntegrated'],0.4307692307692308,0.7361008651331232,0.07142857142857142,"CPU_i7/i9, PRICE_1200+  ->  GPU_IntelIntegrated   (confidence=0.43, lift=0.74)"
"['RAM_32GB+', 'PRICE_1200+']",['GPU_IntelIntegrated'],0.4186046511627907,0.7153139636260417,0.05510204081632653,"RAM_32GB+, PRICE_1200+  ->  GPU_IntelIntegrated   (confidence=0.42, lift=0.72)"
['STORAGE_HDD'],['PRICE_1200+'],0.30861244019138756,0.7116239797354349,0.06581632653061224,"STORAGE_HDD  ->  PRICE_1200+   (confidence=0.31, lift=0.71)"
"['RAM_16-32GB', 'PRICE_1200+']",['GPU_IntelIntegrated'],0.4107744107744108,0.7019336051594117,0.06224489795918367,"RAM_16-32GB, PRICE_1200+  ->  GPU_IntelIntegrated   (confidence=0.41, lift=0.70)"
['STORAGE_HDD'],['GPU_IntelIntegrated'],0.3827751196172249,0.6540882602003145,0.08163265306122448,"STORAGE_HDD  ->  GPU_IntelIntegrated   (confidence=0.38, lift=0.65)"
